Country,Year,gCO2_per_kWh,kgCO2_per_kWh
Australia,2022,578.01,0.578
Australia,2023,556.85,0.5569
Australia,2024,554.01,0.554
Australia,2025,524.59,0.5246
Austria,2022,140.84,0.1408
Austria,2023,111.72,0.1117
Austria,2024,103.48,0.1035
Austria,2025,117.22,0.1172
Bangladesh,2022,676.48,0.6765
Bangladesh,2023,682.72,0.6827
Bangladesh,2024,695.89,0.6959
Bangladesh,2025,696.13,0.6961
Belgium,2022,139.4,0.1394
Belgium,2023,134.67,0.1347
Belgium,2024,127.28,0.1273
Belgium,2025,109.3,0.1093
Brazil,2022,103.39,0.1034
Brazil,2023,96.26,0.0963
Brazil,2024,106.06,0.1061
Brazil,2025,109.95,0.11
Canada,2022,160.69,0.1607
Canada,2023,174.43,0.1744
Canada,2024,185.41,0.1854
Canada,2025,190.73,0.1907
China,2022,586.86,0.5869
China,2023,583.25,0.5833
China,2024,556.27,0.5563
China,2025,526.19,0.5262
Czechia,2022,488.36,0.4884
Czechia,2023,442.61,0.4426
Czechia,2024,414.23,0.4142
Czechia,2025,401.46,0.4015
Denmark,2022,203.64,0.2036
Denmark,2023,152.26,0.1523
Denmark,2024,131.92,0.1319
Denmark,2025,99.62,0.0996
Egypt,2022,570.04,0.57
Egypt,2023,571.29,0.5713
Egypt,2024,574.5,0.5745
Egypt,2025,563.23,0.5632
France,2022,78.55,0.0785
France,2023,53.26,0.0533
France,2024,40.49,0.0405
France,2025,41.45,0.0415
Germany,2022,419.74,0.4197
Germany,2023,363.59,0.3636
Germany,2024,337.12,0.3371
Germany,2025,329.65,0.3296
India,2022,706.07,0.7061
India,2023,713.72,0.7137
India,2024,706.67,0.7067
India,2025,670.55,0.6705
Indonesia,2022,676.05,0.676
Indonesia,2023,681.03,0.681
Indonesia,2024,681.11,0.6811
Ireland,2022,331.16,0.3312
Ireland,2023,282.5,0.2825
Ireland,2024,270.91,0.2709
Ireland,2025,255.9,0.2559
Italy,2022,377.84,0.3778
Italy,2023,323.3,0.3233
Italy,2024,281.43,0.2814
Italy,2025,284.63,0.2846
Japan,2022,519.7,0.5197
Japan,2023,492.6,0.4926
Japan,2024,483.58,0.4836
Japan,2025,477.37,0.4774
Malaysia,2022,605.24,0.6052
Malaysia,2023,609.11,0.6091
Malaysia,2024,601.71,0.6017
Malaysia,2025,603.21,0.6032
Mexico,2022,464.38,0.4644
Mexico,2023,489.05,0.489
Mexico,2024,483.14,0.4831
Mexico,2025,474.02,0.474
Nepal,2022,23.36,0.0234
Nepal,2023,23.36,0.0234
Nepal,2024,24.26,0.0243
Netherlands,2022,325.61,0.3256
Netherlands,2023,268.17,0.2682
Netherlands,2024,250.72,0.2507
Netherlands,2025,253.56,0.2536
Norway,2022,29.64,0.0296
Norway,2023,30.46,0.0305
Norway,2024,29.66,0.0297
Norway,2025,28.1,0.0281
Pakistan,2022,401.16,0.4012
Pakistan,2023,349.01,0.349
Pakistan,2024,335.65,0.3357
Pakistan,2025,310.19,0.3102
Poland,2022,732.53,0.7325
Poland,2023,650.86,0.6509
Poland,2024,608.36,0.6084
Poland,2025,590.8,0.5908
Saudi Arabia,2022,700.05,0.7
Saudi Arabia,2023,697.31,0.6973
Saudi Arabia,2024,691.95,0.692
Singapore,2022,504.22,0.5042
Singapore,2023,500.87,0.5009
Singapore,2024,498.74,0.4987
Singapore,2025,497.09,0.4971
South Africa,2022,729.02,0.729
South Africa,2023,714.4,0.7144
South Africa,2024,717.72,0.7177
South Africa,2025,698.96,0.699
Spain,2022,217.13,0.2171
Spain,2023,169.68,0.1697
Spain,2024,146.22,0.1462
Spain,2025,153.56,0.1536
Sri Lanka,2022,410.15,0.4101
Sri Lanka,2023,417.33,0.4173
Sri Lanka,2024,375.73,0.3757
Sri Lanka,2025,321.16,0.3212
Sweden,2022,41.03,0.041
Sweden,2023,38.42,0.0384
Sweden,2024,34.91,0.0349
Sweden,2025,35.35,0.0353
Switzerland,2022,37.27,0.0373
Switzerland,2023,34.82,0.0348
Switzerland,2024,34.58,0.0346
Switzerland,2025,39.22,0.0392
Thailand,2022,561.12,0.5611
Thailand,2023,549.93,0.5499
Thailand,2024,555.38,0.5554
Thailand,2025,546.32,0.5463
United Arab Emirates,2022,558.49,0.5585
United Arab Emirates,2023,483.79,0.4838
United Arab Emirates,2024,467.51,0.4675
United Kingdom,2022,254.98,0.255
United Kingdom,2023,235.6,0.2356
United Kingdom,2024,216.5,0.2165
United Kingdom,2025,217.41,0.2174
United States of America,2022,410.39,0.4104
United States of America,2023,392.9,0.3929
United States of America,2024,383.81,0.3838
United States of America,2025,384.4,0.3844
